{"lake": {"ER": [-81.24378352111376, 42.14627797101276], "HU": [-82.24896830098034, 44.943577708047826], "MI": [-86.75644432787371, 44.00855764112255], "ON": [-77.80262510050139, 43.63887508437376], "SC": [-82.67575589374643, 42.45295820384269], "SU": [-87.76034823984163, 47.52799213415926]}, "jurisdiction": {"er_mi": [-83.28467297997827, 41.88694868548649], "er_ny": [-79.37962809397732, 42.5626199521916], "er_oh": [-81.80042285483252, 41.81734953814237], "er_on": [-81.17914595502639, 42.323889302703556], "er_pa": [-80.16744173257682, 42.250429050729295], "hu_mi": [-83.12578693287573, 44.73699937891952], "hu_on": [-81.68065232427104, 45.077472861066234], "mi_il": [-87.4225840531038, 42.17303382316026], "mi_in": [-87.2235997953882, 41.70459425155559], "mi_mi": [-86.37303833663123, 44.27472534376605], "mi_wi": [-87.29487719274886, 43.979944524453124], "on_ny": [-77.4604746375859, 43.54042251862355], "on_on": [-78.11020818058715, 43.72738100997663], "sc_mi": [-82.76303374224301, 42.53696342325087], "sc_on": [-82.6213512186971, 42.40059352319448], "su_mi": [-87.7036353369805, 47.27591980326275], "su_mn": [-90.60652065928448, 47.41127052345049], "su_on": [-86.6680048065003, 48.002760389071945], "su_wi": [-90.71898274107222, 46.96912627349117]}, "mu": {"hu_mu_mh1": [-84.03267377831695, 45.78101703155373], "hu_mu_mh2": [-83.02545904120691, 45.210587806409286], "hu_mu_mh3": [-82.82670876778202, 44.56609674641944], "hu_mu_mh4": [-83.24278332648062, 44.055325433142485], "hu_mu_mh5": [-82.41611176559886, 43.87600453089573], "hu_mu_mh6": [-82.38693274187024, 43.369687782087915], "hu_qma_4-1": [318623.8379989477, 5073909.532108051], "hu_qma_4-2": [355775.43285891775, 5056344.068809764], "hu_qma_4-3": [404279.4740322017, 5038509.510093194], "hu_qma_4-5": [419648.2468305069, 4826909.963599888], "hu_qma_5-1": [474820.8510159891, 5079094.412249119], "hu_qma_5-2": [516371.5559496908, 5065160.3563096365], "hu_qma_5-3": [441266.51536289847, 5048304.421468604], "hu_qma_5-3n": [475165.6688370149, 5047280.803123465], "hu_qma_5-4": [530544.6361411784, 5032544.933857021], "hu_qma_5-5": [543115.3727931747, 5006144.858256968], "hu_qma_5-6e": [539436.2233282548, 4978446.8330261735], "hu_qma_5-7": [571561.6603789345, 4973764.277744616], "hu_qma_5-9": [566214.6652714086, 4941356.572131694], "hu_qma_6-1": [353205.22525109345, 5104495.468140056], "hu_qma_6-3": [442710.0139385961, 5088248.444365838], "hu_qma_zone1": [427335.28082410817, 4954430.208431], "hu_qma_zone2": [490563.7198484701, 5001968.36347512], "hu_qma_zone3": [531213.0350501378, 4952464.320332304], "hu_stat_dist_gb1": [-81.40592263688323, 45.76782252185126], "hu_stat_dist_gb2": [-81.20730476404607, 45.30865814094307], "hu_stat_dist_gb3": [-80.6475754502338, 45.463652056610684], "hu_stat_dist_gb4": [-80.41990838562025, 44.831274936347064], "hu_stat_dist_nc1": [-83.20160588115327, 46.08748161406018], "hu_stat_dist_nc2": [-82.32239143967396, 46.04351243703556], "hu_stat_dist_nc3": [-81.73606435197418, 45.942709552109505], "hu_stat_dist_oh1": [-82.71214633299493, 45.62603874790204], "hu_stat_dist_oh2": [-82.04067754084964, 45.20507023848948], "hu_stat_dist_oh3": [-81.88582218346674, 44.59431755003158], "hu_stat_dist_oh4": [-81.95443684832784, 43.702594685200864], "hu_stat_dist_oh5": [-82.1381503564882, 43.20463200871499]}, "grid10": {"hu_1010": [-83.22853442282772, 44.752880140120894], "hu_1011": [-83.08333206199839, 44.75001525916631], "hu_1012": [-82.91666793852679, 44.75001525916631], "hu_1013": [-82.75000000038669, 44.750015259166304], "hu_1014": [-82.5833320622466, 44.75001525916631], "hu_1015": [-82.416667938775, 44.75001525916631], "hu_1016": [-82.24999999930156, 44.750015259166304], "hu_1017": [-82.08333206116146, 44.75001525916631], "hu_1018": [-81.91666793768985, 44.75001525916631], "hu_1019": [-81.74999999954977, 44.75001525916631], "hu_1020": [-81.58333206140966, 44.75001525916631], "hu_1021": [-81.41672556298506, 44.74999456338997], "hu_1022": [-81.3131748128265, 44.74577201979079], "hu_1023": [-81.06397687375895, 44.80156281558847], "hu_1024": [-80.88113477360004, 44.763459139217886], "hu_1025": [-80.75406839024943, 44.773732554199476], "hu_1026": [-80.57698418105721, 44.75560818448989], "hu_1027": [-80.41666793843446, 44.75001525916631], "hu_1028": [-80.25328759413212, 44.74558581452544], "hu_1029": [-80.10255098570822, 44.73253706832549], "hu_1031": [-79.8110241527753, 44.78841744755178], "hu_104": [-84.20575215409158, 46.22301612426143], "hu_105": [-84.10172535404786, 46.240516245322624], "hu_106": [-83.89804683392802, 46.291613280093515], "hu_107": [-83.74546358110366, 46.227570947916064], "hu_108": [-83.58718405558045, 46.21284526345964], "hu_109": [-83.42312897232088, 46.198770632096846], "hu_110": [-83.25682463161128, 46.185856870095726], "hu_1110": [-83.23824998775838, 44.58109693445739], "hu_1111": [-83.0833320619984, 44.583345413025306], "hu_1112": [-82.91666793852679, 44.583345413025306], "hu_1113": [-82.75000000038669, 44.583345413025306], "hu_1114": [-82.5833320622466, 44.583345413025306], "hu_1115": [-82.416667938775, 44.583345413025306], "hu_1116": [-82.24999999930156, 44.583345413025306], "hu_1117": [-82.08333206116147, 44.58334541302531], "hu_1118": [-81.91666793768985, 44.583345413025306], "hu_1119": [-81.74999999954979, 44.583345413025306], "hu_1120": [-81.58333206140968, 44.583345413025306], "hu_1121": [-81.42243108292361, 44.589151990542945], "hu_1122": [-81.31434848369446, 44.62785153561738], "hu_1124": [-80.90230001825134, 44.636740789051174], "hu_1126": [-80.5514335567217, 44.63784183299865], "hu_1127": [-80.40907018446306, 44.61305625103115], "hu_1128": [-80.24580831535842, 44.59154112060144], "hu_1129": [-80.08677457238294, 44.58184637490568], "hu_1210": [-83.24665090962263, 44.415193400898616], "hu_1211": [-83.08333206199839, 44.41668510422218], "hu_1212": [-82.91666793852679, 44.41668510422218], "hu_1213": [-82.75000000038669, 44.41668510422218], "hu_1214": [-82.5833320622466, 44.41668510422218], "hu_1215": [-82.41666793877499, 44.41668510422218], "hu_1216": [-82.24999999930156, 44.416685104222175], "hu_1217": [-82.08333206116146, 44.416685104222175], "hu_1218": [-81.91666793768987, 44.41668510422218], "hu_1219": [-81.74999999954977, 44.416685104222175], "hu_1220": [-81.59360524780148, 44.427767875781065], "hu_1221": [-81.46209406986274, 44.47301587922821], "hu_1308": [-83.52493166432238, 44.21160414764469], "hu_1309": [-83.40849940903732, 44.2345076585416], "hu_1310": [-83.2500000001385, 44.25002479541905], "hu_1311": [-83.0833320619984, 44.25002479541905], "hu_1312": [-82.91666793852679, 44.25002479541906], "hu_1313": [-82.75000000038669, 44.25002479541906], "hu_1314": [-82.5833320622466, 44.25002479541906], "hu_1315": [-82.416667938775, 44.25002479541905], "hu_1316": [-82.24999999930156, 44.25002479541906], "hu_1317": [-82.08333206116147, 44.25002479541906], "hu_1318": [-81.91666793768985, 44.25002479541905], "hu_1319": [-81.74999999954979, 44.25002479541905], "hu_1320": [-81.64249164290537, 44.26278624223126], "hu_1408": [-83.56635460273482, 44.06362831951384], "hu_1409": [-83.4166679382786, 44.083345413273506], "hu_1410": [-83.25589978733422, 44.06105191142155], "hu_1411": [-83.08895178523181, 44.08726792065985], "hu_1412": [-82.91391388080427, 44.11035685682627], "hu_1413": [-82.74664933551901, 44.087476469812245], "hu_1414": [-82.5833320622466, 44.08334541327351], "hu_1415": [-82.416667938775, 44.083345413273506], "hu_1416": [-82.24999999930156, 44.083345413273506], "hu_1417": [-82.08333206116146, 44.083345413273506], "hu_1418": [-81.91666793768985, 44.083345413273506], "hu_1419": [-81.77870340173708, 44.093624455070426], "hu_1506": [-83.86998738062667, 43.89600470105107], "hu_1507": [-83.74927768199228, 43.913420513097904], "hu_1508": [-83.58333206175018, 43.9166755671325], "hu_1509": [-83.4212506192536, 43.920866791212], "hu_1510": [-83.2558997873342, 43.920866791212], "hu_1513": [-82.69344040798505, 43.95810682289604], "hu_1514": [-82.58144366560046, 43.91838868254555],